{"stats":{"minecraft:crafted":{"minecraft:oak_planks":40,"minecraft:crafting_table":2,"minecraft:stone_axe":1,"minecraft:bread":33,"minecraft:shield":2,"minecraft:stick":16,"minecraft:iron_ingot":9,"minecraft:iron_pickaxe":2,"recipes_unlocked:totem_head":1,"minecraft:wheat":99},"minecraft:used":{"minecraft:carved_pumpkin":3,"minecraft:poppy":1,"minecraft:oak_planks":3,"minecraft:shield":3,"minecraft:iron_sword":60,"minecraft:crafting_table":3,"friendsandfoes:oxidized_lightning_rod":2,"minecraft:bread":9,"minecraft:iron_pickaxe":22,"iceandfire:ash":1,"minecraft:stone_axe":17,"iceandfire:dragon_skull_fire":1},"minecraft:mined":{"luminousworld:yellowpetunias":2,"minecraft:carved_pumpkin":3,"minecraft:crafting_table":2,"friendsandfoes:oxidized_lightning_rod":2,"minecraft:rose_bush":1,"luminousworld:grassvariant_2":1,"minecraft:tall_grass":2,"minecraft:cobblestone":11,"minecraft:oak_planks":3,"minecraft:sugar_cane":6,"minecraft:hay_block":11,"minecraft:grass":3,"minecraft:oak_log":10,"minecraft:iron_block":1},"minecraft:picked_up":{"minecraft:crafting_table":2,"minecraft:wheat":2,"minecraft:oak_log":10,"minecraft:iron_leggings":2,"minecraft:bone":16,"minecraft:wheat_seeds":8,"minecraft:iron_ingot":7,"minecraft:rose_bush":1,"minecraft:poppy":3,"minecraft:sugar_cane":12,"minecraft:oak_planks":3,"minecraft:iron_sword":2,"friendsandfoes:oxidized_lightning_rod":2,"iceandfire:dragonbone":9,"iceandfire:dragonscales_gray":27,"minecraft:copper_ingot":2,"iceandfire:ash":1,"minecraft:dandelion":1,"iceandfire:dragon_skull_fire":1,"tombstone:grave_dust":1,"alexsmobs:animal_dictionary":1,"minecraft:arrow":1,"minecraft:rotten_flesh":10,"luminousworld:yellowpetunias":2,"minecraft:hay_block":11,"iceandfire:fire_dragon_heart":2,"minecraft:iron_block":1,"minecraft:carved_pumpkin":3,"minecraft:bread":1,"minecraft:cobblestone":12},"minecraft:dropped":{"minecraft:bread":17,"minecraft:iron_sword":3,"minecraft:wheat_seeds":8,"luminousworld:yellowpetunias":2,"alexsmobs:animal_dictionary":2,"minecraft:wheat":2,"minecraft:salmon":1,"minecraft:poppy":2,"minecraft:shield":1,"tombstone:grave_dust":1,"minecraft:iron_leggings":3,"iceandfire:fire_dragon_heart":2,"minecraft:iron_pickaxe":1,"minecraft:dandelion":1},"minecraft:custom":{"minecraft:mob_kills":14,"minecraft:interact_with_crafting_table":3,"minecraft:damage_dealt_resisted":485,"minecraft:leave_game":1,"minecraft:time_since_death":893,"minecraft:time_since_rest":1,"minecraft:sprint_one_cm":56203,"minecraft:damage_taken":715,"minecraft:walk_one_cm":58102,"minecraft:damage_blocked_by_shield":100,"minecraft:drop":30,"minecraft:damage_dealt":5516,"minecraft:swim_one_cm":110,"minecraft:player_kills":1,"minecraft:fly_one_cm":216688,"minecraft:open_chest":13,"minecraft:crouch_one_cm":3314,"minecraft:play_time":31490,"tombstone:undead_killed":8,"minecraft:deaths":1,"minecraft:sneak_time":1596,"minecraft:walk_under_water_one_cm":495,"tombstone:villager_killed":1,"minecraft:jump":520,"minecraft:walk_on_water_one_cm":525,"minecraft:total_world_time":31490,"minecraft:fall_one_cm":14392},"minecraft:killed":{"friendsandfoes:copper_golem":1,"undead_revamp2:thehunter":1,"minecraft:iron_golem":1,"enemyexpansion:sprinter":1,"alexsmobs:seagull":1,"born_in_chaos_v1:decrepit_skeleton":2,"minecraft:skeleton":1,"iceandfire:fire_dragon":1,"minecraft:zombie":2,"born_in_chaos_v1:corpse_fly":1,"born_in_chaos_v1:door_knight":1,"minecraft:villager":1}},"DataVersion":3465}