{"stats":{"minecraft:killed_by":{"minecraft:player":1,"minecraft:skeleton":1},"minecraft:used":{"minecraft:iron_pickaxe":26,"minecraft:iron_sword":17,"minecraft:dirt":3,"minecraft:cobblestone":5,"iceandfire:dragon_skull_fire":2,"luminousworld:grassflowers":1,"minecraft:chain":2,"tombstone:gift":4,"alexsmobs:animal_dictionary":3,"minecraft:iron_leggings":1},"minecraft:mined":{"iceandfire:silver_ore":2,"minecraft:iron_ore":13,"minecraft:dandelion":1,"minecraft:grass":3,"minecraft:grass_block":4,"luminousworld:grassvariant_2":1,"minecraft:stone":7},"minecraft:picked_up":{"minecraft:raw_iron":13,"minecraft:salmon":3,"minecraft:dandelion":1,"iceandfire:dragon_skull_fire":2,"tombstone:grave_key":1,"minecraft:shield":1,"minecraft:dirt":3,"minecraft:iron_leggings":1,"luminousworld:grassflowers":1,"minecraft:rotten_flesh":1,"luminousworld:yellowpetunias":2,"iceandfire:fire_dragon_heart":2,"minecraft:iron_pickaxe":1,"minecraft:iron_sword":3,"iceandfire:raw_silver":2,"minecraft:cobblestone":6},"minecraft:dropped":{"minecraft:iron_sword":2,"tombstone:grave_key":1,"tombstone:grave_dust":2,"iceandfire:fire_dragon_heart":1,"minecraft:salmon":2,"minecraft:bone":16},"minecraft:killed":{"minecraft:horse":1,"minecraft:zombie":1},"minecraft:custom":{"minecraft:time_since_rest":9897,"minecraft:sprint_one_cm":15749,"minecraft:damage_taken":7920,"minecraft:walk_one_cm":41482,"tombstone:sneak_grave":1,"minecraft:mob_kills":2,"minecraft:drop":24,"minecraft:damage_dealt":635,"minecraft:fly_one_cm":28137,"minecraft:open_chest":7,"minecraft:crouch_one_cm":1131,"minecraft:play_time":29032,"tombstone:undead_killed":1,"minecraft:deaths":2,"minecraft:sneak_time":296,"minecraft:jump":258,"minecraft:leave_game":1,"minecraft:time_since_death":11361,"minecraft:total_world_time":29032,"minecraft:fall_one_cm":9837}},"DataVersion":3465}